Review,Original_summary,Predicted_summary
right mostly cats eat love around ,, food great great great great great great great great
last time looked go country store find along black bean apple jelly maple syrup back peanuts hot advertised glass cold milk box since make run look like peanuts already giving work people especially going take work empty contents peanuts see whose whose spices important touch eyes go nuts peanuts peanuts probably give christmas ,you will go ass kickin , food great great great great great great great great
fan hot spicy long time enjoy love love product bad way expensive amazon per ,tastes great love hot price , food great great great great great great great great
lived us miss twizzlers go back someone always say sell buyer often able buy right ,these in , food great great great great great great great great
mccann makes oatmeal every oatmeal one likes raw half instant done microwave three minutes good sure instant variety available different flavors well regular variety pack different tastes well giving chance experience difference mccann well like mccann body top brand apples cinnamon though little may want experiment amount water add microwave oatmeal one minute also watch get much time water use bad thing bad thing offering buy lot end six count boxes good whole family oatmeal eaters person well love oatmeal ,oatmeal for oatmeal , food great great great great great great great great
arrived slightly would however company helpful full ,great , food great great great great great great great great
would go way buy ,, food great great great great great great great great
stuff buy big box stores nothing healthy save get something least taste ,stuff , food great great great great great great great great
taffy good soft chewy flavors amazing would definitely recommend buying satisfying ,wonderful taffy , food great great great great great great great great
ordered two two raspberry tarts party arrived fresh good size half later use lover best ever tasted soft really good taste great gone time really impressed ,best ever tart , food great great great great great great great great
